system,distribution,batchsize,hit_chance,period,utilization,p99,p99_lower,p99_upper
F1T,synthetic,30000,0.011881110007941675,0.0105,0.96,49329.981000840045,45880.012259298244,51311.1930019059
F1T,synthetic,30000,0.027121849168470935,0.0105,0.97,89926.88446632595,85848.94500825822,93371.84310175794
F1T,synthetic,30000,0.04197478919567654,0.0105,0.98,84881.17109399957,81450.72978920415,88579.38954108336
F1T,synthetic,30000,0.056453605360750725,0.0105,0.99,60124.06351457606,56294.44221195806,64432.576805610435
F1T,synthetic,30000,0.07057135909663514,0.0105,1.0,29287.207578780413,27084.894186737674,31912.4853132056
