system,distribution,batchsize,hit_chance,period,utilization,p99,p99_lower,p99_upper
F1T,slre,300000,1.0e-5,0.01726709686683492,0.96,13.907152690132845,13.907152690132845,13.907152690132845
F1T,slre,300000,0.00011,0.01726709686683492,0.97,63.24833111776405,45.971024986717254,82.09005805352663
F1T,slre,300000,0.00124,0.01726709686683492,0.98,471.8321296157439,471.54305769093446,471.8321296157439
F1T,slre,300000,0.00591,0.01726709686683492,0.99,4727.604624115652,4705.821254825761,4748.317361827046
F1T,slre,300000,0.01866,0.01726709686683492,1.0,31068.85208043733,30410.58377743743,31587.670361487235
