system,distribution,batchsize,hit_chance,period,utilization,p99,p99_lower,p99_upper
F1T,slre,300000,6.0e-5,0.017375959834871293,0.96,13.988527943476596,13.988527943476596,13.988527943476596
F1T,slre,300000,0.00066,0.017375959834871293,0.97,471.0082122296133,470.77357923334483,471.0082122296133
F1T,slre,300000,0.00358,0.017375959834871293,0.98,3740.5781595991352,3683.3134941111666,3795.8500396595737
F1T,slre,300000,0.01288,0.017375959834871293,0.99,20414.455844900687,20120.97700868969,20724.23366901316
F1T,slre,300000,0.03209,0.017375959834871293,1.0,53321.13370753068,52617.86159894843,54049.72704815061
