system,distribution,batchsize,hit_chance,period,utilization,p99,p99_lower,p99_upper
F1T,slre,300000,2.0e-5,0.017484822802907665,0.95,13.956251592508181,13.956251592508181,13.956251592508181
F1T,slre,300000,0.00017,0.017484822802907665,0.96,301.81002618646687,286.0326807864974,317.3066348058512
F1T,slre,300000,0.00205,0.017484822802907665,0.97,1371.3010004911305,1277.340498770757,1476.0277028128792
F1T,slre,300000,0.00877,0.017484822802907665,0.98,12507.485689460198,12198.63047392988,12820.594117235283
F1T,slre,300000,0.02401,0.017484822802907665,0.99,42284.53638782112,41694.51154833766,42870.72110396781
F1T,slre,300000,0.04894,0.017484822802907665,1.0,60983.90630727433,60203.21410818229,61847.84949973144
