system,distribution,batchsize,hit_chance,period,utilization,p99,p99_lower,p99_upper
F1T,slre,300000,7.0e-5,0.01759368577094404,0.95,13.922560017153573,13.922560017153573,13.922560017153573
F1T,slre,300000,0.00089,0.01759368577094404,0.96,468.6763392338306,468.6763392338306,468.8373076506375
F1T,slre,300000,0.00479,0.01759368577094404,0.97,4360.131896897224,4325.179894286836,4391.683284759478
F1T,slre,300000,0.01589,0.01759368577094404,0.98,23449.184995114967,23170.1708994706,23801.456604274186
F1T,slre,300000,0.03921,0.01759368577094404,0.99,54824.82866358424,54028.406773727955,55495.44488588452
F1T,slre,300000,0.06841,0.01759368577094404,1.0,54631.622857171875,53840.577043434954,55357.34205892532
