system,distribution,batchsize,hit_chance,period,utilization,p99,p99_lower,p99_upper
F1T,slre,300000,2.0e-5,0.01770254873898041,0.94,13.887453216962188,13.887453216962188,13.887453216962188
F1T,slre,300000,0.00043,0.01770254873898041,0.95,445.1362013940221,444.08137033936947,448.4433977329227
F1T,slre,300000,0.00278,0.01770254873898041,0.96,2726.3835214997275,2649.251394359487,2793.9237087245992
F1T,slre,300000,0.0105,0.01770254873898041,0.97,15063.587881111778,14831.080012518803,15290.294010315372
F1T,slre,300000,0.02808,0.01770254873898041,0.98,44534.20285998465,43926.56558378243,45113.515906927954
F1T,slre,300000,0.05625,0.01770254873898041,0.99,56293.67686632391,55590.289227254034,56965.42342544461
F1T,slre,300000,0.089,0.01770254873898041,1.0,39022.10078030919,38261.79865840497,39669.40599986609
