system,distribution,batchsize,hit_chance,period,utilization,p99,p99_lower,p99_upper
F1T,slre,300000,1.0e-5,0.01781141170701678,0.93,13.966705641643738,13.966705641643738,13.966705641643738
F1T,slre,300000,0.0001,0.01781141170701678,0.94,18.71295211781117,13.966705641643738,33.006202018234504
F1T,slre,300000,0.00123,0.01781141170701678,0.95,474.7084683783717,474.7084683783717,474.7084683783717
F1T,slre,300000,0.00604,0.01781141170701678,0.96,4757.027242520413,4739.432134204102,4777.591605963733
F1T,slre,300000,0.02083,0.01781141170701678,0.97,35405.941699572846,34798.570375548756,36129.11786726223
F1T,slre,300000,0.04426,0.01781141170701678,0.98,59489.52666387534,58625.1658124084,60301.325200117855
F1T,slre,300000,0.07575,0.01781141170701678,0.99,51875.228538971816,51246.628486555885,52698.919447258195
F1T,slre,300000,0.11164,0.01781141170701678,1.0,23278.380176462688,22749.0036031971,23790.54546188562
