system,distribution,batchsize,hit_chance,period,utilization,p99,p99_lower,p99_upper
F1T,slre,300000,4.0e-5,0.017920274675053156,0.93,13.929476012512053,13.929476012512053,13.929476012512053
F1T,slre,300000,0.00062,0.017920274675053156,0.94,460.2600303294505,460.2600303294505,462.07304237450325
F1T,slre,300000,0.00358,0.017920274675053156,0.95,3527.5508019985477,3464.759141728393,3569.6182341717163
F1T,slre,300000,0.01294,0.017920274675053156,0.96,18789.316303301715,18534.08853164354,19124.555712767396
F1T,slre,300000,0.03295,0.017920274675053156,0.97,50439.99824817922,49775.670803646586,51108.34000090419
F1T,slre,300000,0.06304,0.017920274675053156,0.98,56283.267725721096,55437.61781471575,57123.13591953507
F1T,slre,300000,0.09643,0.017920274675053156,0.99,34195.03761283083,33505.192067996344,34810.25733229983
F1T,slre,300000,0.13501,0.017920274675053156,1.0,8843.161517390241,8576.67081851571,9079.634485245857
