system,distribution,batchsize,hit_chance,period,utilization,p99,p99_lower,p99_upper
F1T,slre,300000,1.0e-5,0.018029137643089527,0.92,13.890831157955915,13.890831157955915,13.890831157955915
F1T,slre,300000,0.00016,0.018029137643089527,0.93,254.5570877680345,238.06045829416848,270.9371105338867
F1T,slre,300000,0.00155,0.018029137643089527,0.94,467.48908377699865,467.48908377699865,467.48908377699865
F1T,slre,300000,0.00751,0.018029137643089527,0.95,7934.230898836978,7640.19125127599,8216.178084950441
F1T,slre,300000,0.02401,0.018029137643089527,0.96,37637.98323390266,37099.98916905978,38248.789568631604
F1T,slre,300000,0.04976,0.018029137643089527,0.97,55992.62705078222,55269.30449199962,56628.902555395405
F1T,slre,300000,0.08232,0.018029137643089527,0.98,44138.629350563635,43398.967183755696,44837.151443920346
F1T,slre,300000,0.11866,0.018029137643089527,0.99,17436.712102670677,17008.08541379497,17848.992206948627
F1T,slre,300000,0.1613,0.018029137643089527,1.0,2407.5774858639925,2318.5453109457458,2509.97598295187
