system,distribution,batchsize,hit_chance,period,utilization,p99,p99_lower,p99_upper
F1T,slre,300000,6.0e-5,0.0181380006111259,0.92,13.968668360251371,13.968668360251371,13.968668360251371
F1T,slre,300000,0.00069,0.0181380006111259,0.93,465.0480715119155,465.0480715119155,467.3287503230102
F1T,slre,300000,0.00457,0.0181380006111259,0.94,4259.4137538570485,4224.2578020262745,4298.112788147312
F1T,slre,300000,0.01538,0.0181380006111259,0.95,22187.158114787093,21945.684321788725,22457.04087286341
F1T,slre,300000,0.03738,0.0181380006111259,0.96,54801.69049246093,53994.8102185286,55552.521059706545
F1T,slre,300000,0.06841,0.0181380006111259,0.97,55145.93337489593,54406.92076593376,55877.65831715521
F1T,slre,300000,0.10361,0.0181380006111259,0.98,30015.213128198116,29382.649319344288,30644.614446563464
F1T,slre,300000,0.14247,0.0181380006111259,0.99,6881.244979548434,6662.860611164205,7094.285425937014
F1T,slre,300000,0.18917,0.0181380006111259,1.0,502.0768693364206,487.14911106696246,522.2871305791903
