system,distribution,batchsize,hit_chance,period,utilization,p99,p99_lower,p99_upper
CC2,huffbench.json,30000,4.000040000400004e-5,0.022000000000000002,0.99,1.6898859352540376,1.6898859352540376,1.6898859352540376
CC2,huffbench.json,30000,0.0048800488004880046,0.022000000000000002,1.0,2.5427284071253693,2.4376895298626278,2.5427284071253693
