system,distribution,batchsize,hit_chance,period,utilization,p99,p99_lower,p99_upper
CC2,huffbench.json,30000,0.0001000010000100001,0.0225,0.97,1.6900002995265213,1.6900002995265213,1.6900002995265213
CC2,huffbench.json,30000,0.011850118501185012,0.0225,0.98,2.7056049534374083,2.7056049534374083,2.7056049534374083
CC2,huffbench.json,30000,0.2885328853288533,0.0225,0.99,0.37928459422992633,0.3666889231583813,0.39072567778242095
CC2,huffbench.json,30000,0.962679626796268,0.0225,1.0,0.1393824172495552,0.13931437345383998,0.13946556556531284
