system,distribution,batchsize,hit_chance,period,utilization,p99,p99_lower,p99_upper
CC2,huffbench.json,30000,0.00015000150001500014,0.023,0.95,1.6902415850241577,1.6902415850241577,1.6902415850241577
CC2,huffbench.json,30000,0.01931019310193102,0.023,0.96,2.694724869631404,2.694724869631404,2.694724869631404
CC2,huffbench.json,30000,0.4111341113411134,0.023,0.97,0.24442119646293745,0.23900336483567758,0.24815221740633248
CC2,huffbench.json,30000,0.988919889198892,0.023,0.98,0.13780794997180493,0.13773517855856124,0.13788550337773814
CC2,huffbench.json,30000,1.0,0.023,0.99,0.13584290061371715,0.13584290061371715,0.13584290061371715
CC2,huffbench.json,30000,1.0,0.023,1.0,0.13584290061371715,0.13584290061371715,0.13584290061371715
