system,distribution,batchsize,hit_chance,period,utilization,p99,p99_lower,p99_upper
CC2,huffbench.json,30000,0.00017000170001700018,0.0235,0.93,1.6902527836198882,1.6902527836198882,1.6902527836198882
CC2,huffbench.json,30000,0.022790227902279022,0.0235,0.94,2.6847793705402974,2.6847793705402974,2.6847793705402974
CC2,huffbench.json,30000,0.47045470454704547,0.0235,0.95,0.21370852665692747,0.21091681580920973,0.21751244836582168
CC2,huffbench.json,30000,0.994769947699477,0.0235,0.96,0.13695817801968424,0.13695817801968424,0.13695920616101454
CC2,huffbench.json,30000,1.0,0.0235,0.97,0.13571843342441905,0.13571843342441905,0.13571843342441905
CC2,huffbench.json,30000,1.0,0.0235,0.98,0.13571843342441905,0.13571843342441905,0.13571843342441905
CC2,huffbench.json,30000,1.0,0.0235,0.99,0.13571843342441905,0.13571843342441905,0.13571843342441905
CC2,huffbench.json,30000,1.0,0.0235,1.0,0.13571843342441905,0.13571843342441905,0.13571843342441905
