system,distribution,batchsize,hit_chance,period,utilization,p99,p99_lower,p99_upper
F1T,picojpeg-emnist.json,30000,1.000010000100001e-5,0.0085,1.0,13.983747956497291,13.983747956497291,13.983747956497291
