system,distribution,batchsize,hit_chance,period,utilization,p99,p99_lower,p99_upper
F1T,picojpeg-emnist.json,30000,1.000010000100001e-5,0.009000000000000001,0.94,13.98699796358323,13.98699796358323,13.98699796358323
F1T,picojpeg-emnist.json,30000,1.000010000100001e-5,0.009000000000000001,0.95,13.98699796358323,13.98699796358323,13.98699796358323
F1T,picojpeg-emnist.json,30000,2.000020000200002e-5,0.009000000000000001,0.96,13.98699796358323,13.98699796358323,13.98699796358323
F1T,picojpeg-emnist.json,30000,2.000020000200002e-5,0.009000000000000001,0.97,13.98699796358323,13.98699796358323,13.98699796358323
F1T,picojpeg-emnist.json,30000,2.000020000200002e-5,0.009000000000000001,0.98,13.98699796358323,13.98699796358323,13.98699796358323
F1T,picojpeg-emnist.json,30000,2.000020000200002e-5,0.009000000000000001,0.99,13.98699796358323,13.98699796358323,13.98699796358323
F1T,picojpeg-emnist.json,30000,2.000020000200002e-5,0.009000000000000001,1.0,13.98699796358323,13.98699796358323,13.98699796358323
