system,distribution,batchsize,hit_chance,period,utilization,p99,p99_lower,p99_upper
CC2,synthetic,30000,3.3306690738754696e-16,0.010000000000000002,1.0,1.6902415850188997,1.6902415850188997,1.6902415850188997
