system,distribution,batchsize,hit_chance,period,utilization,p99,p99_lower,p99_upper
CC2,synthetic,30000,0.011881110007941675,0.0105,0.96,2.79364309682822,2.7648068706130826,2.8012275766448287
CC2,synthetic,30000,0.027121849168470935,0.0105,0.97,2.4639276526017735,2.4114728747358005,2.501764188696601
CC2,synthetic,30000,0.04197478919567654,0.0105,0.98,1.9240694665019509,1.8623332005080846,1.9648115068781458
CC2,synthetic,30000,0.056453605360750725,0.0105,0.99,1.4942695822008767,1.4471781332148759,1.534666831090234
CC2,synthetic,30000,0.07057135909663514,0.0105,1.0,1.1214840732884073,1.085638354280606,1.1575200359002509
